zip3,Longitude_avg,Latitude_avg,n_screened,n_positive,positivity
008,-64.80701844,17.99222775,18048,592,3.28
010,-72.57725724,42.264313643,57750,8960,15.52
011,-72.57419767,42.131430792,5400,720,13.33
014,-71.75670237,42.54165463,702,27,3.85
015,-71.84719026,42.244861741,5562,270,4.85
016,-71.90604889,42.282917632,969,76,7.84
017,-71.44660022,42.357245875,2464,96,3.9
018,-71.23776287,42.602830346,58760,3068,5.22
019,-70.89519782,42.610451718,69381,4563,6.58
020,-71.04068783,42.108503415,656,41,6.25
021,-71.1246124,42.345593916,17860,1140,6.38
024,-71.18557976,42.312408951,2132,164,7.69
025,-70.53692388,41.584134294,102,34,33.33
027,-71.07910649,41.745618617,6533,141,2.16
028,-71.53219215,41.669808056,47073,2627,5.58
029,-71.43633576,41.821614,19929,987,4.95
030,-71.43873844,42.908543558,16684,1161,6.96
031,-71.53084509,42.976072818,561,121,21.57
032,-71.64615568,43.519546773,2772,132,4.76
033,-71.56693325,43.29936925,88,32,36.36
034,-72.19008657,42.912103667,2070,150,7.25
037,-72.12601913,43.680089875,3104,352,11.34
038,-71.06945257,43.374798429,150304,11319,7.53
039,-70.71479927,43.196855455,1232,88,7.14
040,-70.50146312,43.80198189,125296,4264,3.4
041,-70.33385573,43.931254933,14355,345,2.4
042,-70.38073617,44.333166359,29312,832,2.84
043,-69.80867082,44.300143643,9268,476,5.14
044,-68.69215854,45.143268789,480031,40044,8.34
045,-69.59077669,43.948780111,2412,72,2.99
046,-68.0217861,44.54793613,197754,15042,7.61
047,-68.38052022,46.57856178,96450,5950,6.17
048,-69.10727317,44.118532,912,48,5.26
049,-69.65043993,44.760824686,126070,6230,4.94
050,-72.38867269,43.822800036,7315,220,3.01
053,-72.75140485,42.9451925,3172,234,7.38
054,-73.03745085,44.586195951,19703,1952,9.91
056,-72.57364318,44.329527182,6204,704,11.35
057,-73.03911896,43.636076478,5382,368,6.84
058,-72.1337126,44.66109228,2500,300,12
060,-72.79760432,41.856612132,5548,456,8.22
064,-72.80581565,41.412171493,4968,207,4.17
065,-72.92642191,41.348305273,198,33,16.67
066,-73.236958,41.2293918,3510,210,5.98
068,-73.41156434,41.226510894,26978,376,1.39
070,-74.22980274,40.760183489,317592,14080,4.43
071,-74.21613015,40.766659556,19602,1134,5.79
072,-74.27392144,40.665855889,2043,144,7.05
073,-74.06443192,40.728768583,1596,156,9.77
074,-74.29029905,41.034619818,33616,748,2.23
075,-74.22694123,40.956884,2156,132,6.12
076,-74.02242886,40.93155993,8385,602,7.18
077,-74.1190345,40.31544946,209400,5450,2.6
078,-74.75243384,40.941290517,18444,638,3.46
079,-74.5283044,40.751532725,17000,640,3.76
080,-74.98076113,39.819497533,1279260,51152,4
081,-75.0696669,39.9189033,9220,380,4.12
082,-74.70857629,39.26580161,34563,1066,3.08
083,-75.03031443,39.431897,70760,2600,3.67
084,-74.52857067,39.394977167,414,24,5.8
085,-74.65270626,40.282555342,35872,1178,3.28
086,-74.7117864,40.237610533,15210,660,4.34
087,-74.15634766,39.980224552,18299,1769,9.67
088,-74.62913368,40.534954042,300898,7810,2.6
089,-74.43500264,40.456146182,2464,110,4.46
100,-73.97685731,40.768848323,89652,9238,10.3
101,-73.97751212,40.768368391,3864,483,12.5
103,-74.14627007,40.586373071,1106,140,12.66
104,-73.87551933,40.848511222,8613,891,10.34
105,-73.77117885,41.187335541,805268,6660,0.83
106,-73.74965958,41.067926,2004,24,1.2
107,-73.868567,41.002250273,3003,121,4.03
108,-73.7912522,40.9221856,325,15,4.62
109,-74.17038915,41.274030118,17340,136,0.78
110,-73.65546386,40.754038036,560,28,5
111,-73.90940975,40.732855625,1584,192,12.12
112,-73.95397745,40.651061283,104622,15529,14.84
113,-73.83590109,40.732017029,7630,980,12.84
114,-73.80700158,40.684823871,2976,403,13.54
115,-73.63804129,40.716193672,10788,1102,10.22
116,-73.84294213,40.610088625,120,32,26.67
117,-73.19856323,40.813449471,3480,87,2.5
118,-73.470823,40.7759512,40,10,25
120,-73.94040706,42.68207775,2880,144,5
122,-73.92296153,42.629762216,459,51,11.11
124,-74.21060879,42.076832631,147756,2100,1.42
125,-73.87200038,41.767400156,654885,6853,1.05
126,-73.9767934,42.3336348,11290,155,1.37
127,-74.75012305,41.742919045,2706,132,4.88
129,-73.92649415,44.522920013,13575,600,4.42
130,-76.18398139,42.989158964,17920,1568,8.75
131,-76.24766147,43.040432772,11286,1254,11.11
132,-76.16642754,43.045532893,8120,616,7.59
133,-75.23576405,43.165335877,627,114,18.18
136,-75.54089676,44.275429681,3367,273,8.11
137,-75.51966198,42.262830041,4459,392,8.79
138,-75.55346143,42.328561587,2070,92,4.44
139,-75.79483683,42.278707833,282,18,6.38
140,-78.60839052,42.809898299,268,134,50
145,-77.48708933,42.953566063,63,63,100
146,-77.64813548,43.221141717,92,46,50
148,-77.11473551,42.309112756,40344,4756,11.79
149,-76.79661767,42.112602667,3246,366,11.28
150,-80.0585596,40.45121813,16093,1001,6.22
151,-79.92929724,40.426956848,1320,33,2.5
152,-80.00114249,40.439879333,4758,156,3.28
153,-80.16559708,40.037104305,944,59,6.25
154,-79.74519524,39.957624107,15600,225,1.44
156,-79.52754805,40.328214911,3239,237,7.32
157,-79.0307245,40.728632379,10758,66,0.61
160,-79.8872914,40.926109791,21543,3053,14.17
161,-80.34843267,41.153317844,15435,360,2.33
163,-79.57380616,41.570275118,6222,153,2.46
164,-80.031059,41.906017028,2376,36,1.52
165,-80.0763255,42.1517329,2310,180,7.79
169,-77.25444359,41.831475324,2414,102,4.23
170,-77.03428031,40.392468568,36195,1710,4.72
171,-76.85854892,40.282321269,650,130,20
172,-77.77508091,39.996113182,92400,4730,5.12
173,-76.86453916,39.905042793,76328,2784,3.65
174,-76.68514663,39.965134375,10248,352,3.43
175,-76.24759,40.05195029,103912,5952,5.73
176,-76.30620744,40.042981889,9873,495,5.01
177,-77.08741806,41.289434358,13356,1113,8.33
180,-75.46582144,40.645480822,8249,146,1.77
183,-75.22712844,41.095851829,861,41,4.76
184,-75.39895522,41.556372328,638,58,9.09
189,-75.15702216,40.334011581,102176,3596,3.52
190,-75.21835776,40.018213812,141780,4675,3.3
191,-75.15029484,40.002204127,170087,8295,4.88
193,-75.71137178,39.945534278,233496,5238,2.24
194,-75.45714049,40.164835,141440,3835,2.71
195,-75.89228953,40.407482878,21805,637,2.92
196,-75.93847907,40.357503533,675,30,4.44
197,-75.6194493,39.635302067,9990,240,2.4
198,-75.58817153,39.6837337,1920,90,4.69
199,-75.43543907,38.883829891,89608,2530,2.82
200,-77.01872936,38.900184773,34350,1725,5.02
201,-77.59302328,38.926767378,158670,4838,3.05
206,-76.72674584,38.400156471,48892,1088,2.23
207,-76.82855094,38.893700385,60762,2106,3.47
208,-77.16522904,39.118760965,95646,3135,3.28
209,-77.09716582,39.076109471,15487,595,3.84
210,-76.57427242,39.364569952,35898,744,2.07
211,-76.6580982,39.396280914,52850,700,1.32
212,-76.61071245,39.31088897,7035,469,6.67
215,-78.96396243,39.584610033,390,30,7.69
216,-76.02803808,38.858851324,2272,142,6.25
217,-77.49790038,39.493719928,253023,11661,4.61
218,-75.63431817,38.26758213,184,46,25
219,-75.96560965,39.561013294,374,34,9.09
220,-77.29181803,38.837265758,42240,990,2.34
221,-77.29200103,38.797750351,39923,1184,2.97
222,-77.0984203,38.875276848,48609,1320,2.72
223,-77.17883783,38.768962435,15939,575,3.61
224,-77.06213968,38.117398,20292,152,0.75
225,-76.97993128,38.032733419,9288,43,0.46
226,-78.20046789,39.004042306,8784,396,4.51
229,-78.57372076,38.034294431,51,51,100
231,-77.02431554,37.538947508,378,63,16.67
232,-77.48668976,37.537425759,1080,54,5
233,-75.94465068,37.383087925,5680,200,3.52
234,-76.01696809,37.232013246,99710,2340,2.35
235,-76.25027552,36.9047746,1375,50,3.64
236,-76.44621053,37.084695294,3944,102,2.59
237,-76.344005,36.8414135,160,8,5
238,-77.38991352,36.973444984,10614,244,2.3
240,-80.05194189,37.198988638,560,160,28.57
242,-82.46759631,36.858125788,111644,6552,5.87
243,-81.13986044,36.829837442,9202,516,5.61
246,-81.80395882,37.210114353,6086,408,6.7
248,-81.62092986,37.455767736,432,72,16.67
254,-78.053824,39.394739333,24840,999,4.02
255,-82.07363413,38.313224933,1440,45,3.13
256,-82.04470553,37.757363291,4895,55,1.12
257,-82.30246718,38.40624205,1040,40,3.85
258,-81.21630383,37.789276885,832,104,12.5
262,-80.05940926,38.768035685,6804,216,3.17
263,-80.52715282,39.190466769,78,39,50
268,-78.99631632,38.96990608,150,25,16.67
270,-80.3945182,36.23741335,9680,240,2.48
273,-79.64788987,35.94842863,5842,184,3.15
275,-78.5734808,35.8896899,58400,320,0.55
276,-78.66073042,35.812380356,32490,405,1.25
277,-78.88813731,36.021974188,1808,16,0.88
280,-81.01355362,35.358099133,240,60,25
283,-78.98881733,34.988660874,56637,2784,4.92
284,-78.20252147,34.302167,6336,128,2.02
285,-77.16293586,35.017449178,80154,3066,3.83
286,-81.36979509,36.060133989,69460,2300,3.31
287,-82.68024393,35.445361727,1672,88,5.26
290,-80.8334966,33.960189151,14151,318,2.25
291,-80.88446298,33.898810596,2394,228,9.52
293,-81.86791414,34.851360607,5544,280,5.05
294,-80.09186363,32.964738096,63875,1533,2.4
295,-79.44027925,34.066352597,13968,504,3.61
296,-82.5625719,34.684021079,172927,5785,3.35
300,-84.18279591,33.875437091,76560,4136,5.4
301,-84.87520549,34.016745892,173604,9842,5.67
302,-84.47171691,33.336553942,304290,20148,6.62
303,-84.40750018,33.822712067,86580,6570,7.59
305,-83.71489452,34.515356,4899,213,4.35
307,-85.09694358,34.725435237,380,38,10
310,-83.45647524,32.579295022,156611,3094,1.98
312,-83.66102,32.743392292,4080,120,2.94
313,-81.48570876,31.877347966,116,29,25
315,-82.17164794,31.375786827,1456,104,7.14
317,-84.13378349,31.424470082,1164,194,16.67
318,-84.72302296,32.521120741,5562,243,4.37
319,-84.92042329,32.485192647,6069,272,4.48
320,-82.12433979,30.157925544,15732,1140,7.25
321,-81.44014996,29.278281912,10540,612,5.81
322,-81.63797034,30.305873196,4480,280,6.25
324,-85.5046387,30.460735228,9177,342,3.73
325,-87.05440654,30.582542716,666,74,11.11
326,-82.46324312,29.595403121,928,58,6.25
327,-81.27396997,28.756220135,6068,148,2.44
328,-81.28818523,28.520516629,20398,372,1.82
329,-80.60986511,28.043598673,52855,2145,4.06
330,-80.45232273,25.769802187,18450,525,2.85
331,-80.301245,25.738396083,34524,1092,3.16
333,-80.3134598,26.171795347,2156,147,6.82
334,-80.26181176,26.633069793,249280,12136,4.87
336,-82.45701679,27.933041581,3844,124,3.23
337,-82.73036266,27.872115742,5332,186,3.49
339,-81.9080988,26.709128083,3420,60,1.75
341,-81.61367081,26.148918406,1664,64,3.85
342,-82.42924189,27.313211438,5824,128,2.2
344,-82.31359394,29.014003104,240,48,20
346,-82.59432423,28.296632233,559,43,7.69
347,-81.57150783,28.49767719,4158,126,3.03
349,-80.41667597,27.303644576,5280,165,3.13
351,-86.63623618,33.48877178,450,100,22.22
354,-87.73021189,33.143796957,1426,92,6.45
359,-85.94502286,34.287337857,5712,546,9.56
360,-86.14752515,32.147404561,8382,264,3.15
362,-85.69951092,33.57772775,4824,288,5.97
363,-85.53390434,31.323435561,51537,1681,3.26
364,-87.0918313,31.417225875,1560,80,5.13
365,-87.9307311,30.884723254,8307,568,6.84
366,-88.15308873,30.676345682,8052,396,4.92
367,-87.37749322,32.315168784,765,102,13.33
368,-85.38429835,32.564115735,5338,306,5.73
370,-86.85343838,36.120734247,37807,2541,6.72
371,-86.73259141,36.061046542,27140,1239,4.57
372,-86.78986147,36.167129089,4590,450,9.8
373,-85.34658107,35.272465742,2670,178,6.67
376,-82.3413601,36.385106524,140616,6384,4.54
377,-83.86915255,36.162612264,10971,689,6.28
378,-83.83111153,36.089250557,20090,1120,5.57
379,-83.99915569,35.951113629,560,70,12.5
380,-89.49796357,35.486360785,35035,2210,6.31
381,-89.94151746,35.150555775,85626,5112,5.97
382,-88.7276465,36.288493906,16064,1408,8.76
383,-88.55318927,35.599080595,7844,518,6.6
384,-87.29750877,35.301457771,1995,210,10.53
385,-85.67228835,36.099733,780,104,13.33
386,-89.82708857,34.580749862,30615,1495,4.88
388,-88.66294757,34.297156745,2754,102,3.7
389,-89.95430043,33.771113565,3036,184,6.06
390,-90.165132,32.448664289,5895,270,4.58
391,-90.24099433,32.353082397,5916,58,0.98
393,-88.82294652,32.386649568,24552,4004,16.31
394,-89.30303329,31.335633044,4905,540,11.01
395,-89.02508181,30.439097048,294,84,28.57
397,-88.82754238,33.529370405,16354,2220,13.57
398,-90.307122,32.540084,58,1,1.72
400,-85.34011353,38.115905982,105450,4104,3.89
401,-86.16380533,37.858186611,6588,288,4.37
402,-85.68525571,38.200078606,176814,8316,4.7
403,-84.17255492,38.05811302,23550,3300,14.01
404,-84.39585055,37.512678474,190,38,20
405,-84.48421994,38.02865014,550,50,9.09
406,-84.7599631,38.0683139,130,10,7.69
408,-83.27599018,36.891995053,1330,38,2.86
409,-83.69665754,36.946895405,7733,74,0.96
410,-84.39572821,38.785120642,176880,10184,5.76
411,-82.96944132,38.389255632,6346,988,15.57
413,-83.50529255,37.571244552,551,116,21.05
414,-83.14279871,37.805715235,1768,204,11.54
418,-82.85646091,37.218892727,264,33,12.5
420,-88.55857407,36.921235673,4125,220,5.33
421,-86.07733123,36.883037943,175,35,20
422,-86.87947809,36.994505826,1518,46,3.03
424,-87.67182662,37.516653559,1904,68,3.57
427,-85.72193525,37.309022818,1188,88,7.41
430,-82.92212346,40.1655091,129710,4480,3.45
431,-82.88740184,39.702325776,28616,1617,5.65
432,-82.99589253,39.987150915,65095,3666,5.63
433,-83.36949589,40.550024511,2585,94,3.64
434,-83.28873931,41.465257756,720,45,6.25
435,-84.13247568,41.460222754,3249,285,8.77
436,-83.48900769,41.641068923,5187,273,5.26
438,-81.85848774,40.268475632,152,19,12.5
440,-81.37780871,41.562001108,11115,715,6.43
441,-81.6680066,41.509852418,39195,1943,4.96
442,-81.58297198,41.116532415,13833,530,3.83
443,-81.53328312,41.073320242,8778,363,4.14
444,-80.74852553,41.10400855,4920,120,2.44
445,-80.69338012,41.071703765,2261,34,1.5
446,-81.46904351,40.66551785,113280,4880,4.31
447,-81.38020609,40.818579739,31533,1265,4.01
448,-82.76785185,41.037906,2442,132,5.41
449,-82.52734075,40.762564375,1008,40,3.97
450,-84.49735979,39.407715479,127344,10848,8.52
451,-83.92810865,39.1157146,65395,3025,4.63
452,-84.49429023,39.165560817,456459,38624,8.46
453,-84.2840431,39.994344469,10449,891,8.53
454,-84.20972133,39.746545816,10437,1274,12.21
455,-83.77448029,39.763844714,287,35,12.2
456,-82.80065407,38.939952761,9585,284,2.96
457,-81.79271937,39.352130241,1566,54,3.45
458,-84.19653665,40.828964767,688,86,12.5
461,-86.1660492,39.654974108,2080,65,3.13
462,-86.13979293,39.797113066,1159,61,5.26
463,-87.11290204,41.399300895,8892,570,6.41
464,-87.25771733,41.470004,1212,36,2.97
465,-86.05147438,41.418648836,40535,2365,5.83
466,-86.22400248,41.591800522,3243,460,14.18
467,-85.21770487,41.152068618,24140,1224,5.07
468,-85.10130698,41.091096467,1260,45,3.57
470,-85.12338174,39.125705629,10640,420,3.95
471,-85.97643545,38.385732707,56376,3306,5.86
472,-85.79078033,39.076555628,817,43,5.26
473,-85.21966721,40.059816879,3564,132,3.7
475,-86.99397207,38.415358579,627,57,9.09
479,-87.05182823,40.398319474,1326,156,11.76
480,-82.93482562,42.682846759,24174,1027,4.25
481,-83.49383404,42.210518827,1112373,47709,4.29
482,-83.12650094,42.325812172,13568,960,7.08
483,-83.3164288,42.634233704,47002,1562,3.32
484,-83.30006575,43.2445282,16440,660,4.01
487,-83.5795368,43.906831911,336,56,16.67
488,-84.65900585,43.020901385,120120,5187,4.32
489,-84.52129325,42.675095833,1008,24,2.38
490,-85.58437279,42.214968,19872,828,4.17
491,-86.29976908,42.11546875,1176,48,4.08
492,-84.35436479,42.041597424,83622,3036,3.63
493,-85.55481429,43.238629412,2397,102,4.26
494,-86.1406867,43.237415105,7524,342,4.55
495,-85.616339,43.2049512,2850,210,7.37
496,-85.62259167,44.540884274,31390,1533,4.88
498,-87.2095763,46.067849214,38780,910,2.35
499,-88.71708457,46.722048941,867,51,5.88
500,-93.77455081,41.694514075,53600,804,1.5
501,-93.4413091,41.598648569,22392,504,2.25
502,-93.56554877,41.684860485,21846,660,3.02
503,-93.59692997,41.648499052,4582,174,3.8
504,-93.35364528,43.166237276,1276,116,9.09
505,-94.44624603,42.743066618,9272,76,0.82
514,-95.06077085,42.091688788,6105,66,1.08
515,-95.55136195,41.45388965,4260,60,1.41
520,-90.96403002,42.490309064,8366,47,0.56
530,-88.21540379,43.453483738,12684,252,1.99
531,-88.22223037,42.733240044,9792,340,3.47
532,-87.90825973,43.064499918,14651,490,3.34
535,-89.60887308,42.949932,34365,957,2.78
537,-89.40540605,43.072643789,4066,190,4.67
538,-90.74689843,42.839099,989,46,4.65
539,-89.52434987,43.600962111,9126,270,2.96
540,-92.0931874,44.9022009,2160,150,6.94
541,-88.24492741,44.86170025,131264,4984,3.8
542,-87.66215845,44.546450545,19470,594,3.05
543,-88.73748231,44.771686313,26656,848,3.18
544,-89.79830303,44.885596852,120120,17952,14.95
545,-89.88318319,45.904047979,7008,720,10.27
546,-90.9122609,43.853877083,9540,720,7.55
547,-91.59697486,44.847791321,1400,224,16
548,-91.64646793,46.01322029,1173,207,17.65
549,-88.82268303,44.218621074,184892,7616,4.12
550,-93.01969449,45.054580108,69930,2442,3.49
551,-93.08690311,45.004502679,82256,3604,4.38
553,-93.86425137,44.982235309,307684,16587,5.39
554,-93.35478904,44.988124797,132894,7107,5.35
557,-92.79682208,47.201251325,6080,480,7.89
559,-92.29895026,43.906581054,2146,74,3.45
560,-93.958109,43.991303935,7084,462,6.52
563,-94.63072486,45.776658631,2016,252,12.5
567,-96.32583909,48.420188302,1892,172,9.09
571,-96.771484,43.614823762,147,21,14.29
575,-100.4151448,43.779079521,624,48,7.69
576,-101.3418966,45.497319025,6400,40,0.63
581,-97.09320093,46.910686714,252,14,5.56
582,-97.63143395,48.211791828,14784,960,6.49
583,-99.27883812,48.267526397,12180,116,0.95
584,-99.01370697,46.937394859,8000,192,2.4
585,-100.8858921,46.793821265,53361,2352,4.41
586,-102.8961634,46.812543091,22341,726,3.25
587,-101.5582837,48.347393015,23562,858,3.64
588,-103.4153379,48.254652111,972,108,11.11
590,-108.6681818,45.829457053,1368,76,5.56
591,-108.3102379,45.911436571,98,14,14.29
593,-105.4572411,46.271558125,704,64,9.09
594,-111.2301509,47.751207612,469,134,28.57
596,-111.9481206,46.595651583,16704,312,1.87
597,-112.0915106,45.661758154,27612,1976,7.16
598,-114.1927556,46.998120891,330,55,16.67
600,-87.97415272,42.202233628,146716,4128,2.81
601,-88.21377699,41.953921128,44086,2726,6.18
602,-87.692309,42.009314167,768,48,6.25
603,-87.7831615,41.873752167,516,18,3.49
604,-87.91551695,41.527747553,55632,4028,7.24
605,-88.28958971,41.752510823,67704,4774,7.05
606,-87.68341624,41.847501988,359222,19952,5.55
607,-87.772662,41.9473,505,30,5.94
608,-87.7068,41.72247325,436,12,2.75
609,-87.94323975,40.829412632,5871,570,9.71
614,-90.41229254,40.834716351,74,74,100
617,-88.92107545,40.503912517,10620,480,4.52
618,-88.15333495,40.111890111,64008,4221,6.59
619,-88.23064242,39.716895677,1798,31,1.72
620,-90.00362718,39.058295675,10880,240,2.21
622,-89.7873551,38.439112024,13940,492,3.53
624,-88.21008217,39.046554413,1764,63,3.57
627,-89.5999464,39.700560675,80,40,50
628,-88.67219821,38.314381989,3290,188,5.71
629,-88.98875221,37.545902035,1548,86,5.56
630,-90.65411785,38.44416747,77286,858,1.11
631,-90.28981135,38.643334704,120487,2485,2.06
633,-90.98908106,38.93724151,48297,306,0.63
636,-90.62637826,37.652832795,1170,78,6.67
638,-89.77699355,36.505707075,636,53,8.33
640,-94.22461179,39.090185368,22848,952,4.17
641,-94.5029325,39.097896413,51040,2160,4.23
647,-94.2066919,38.08422816,2000,50,2.5
648,-94.34383983,36.9635427,400,80,20
650,-92.28183937,38.4521655,480,60,12.5
652,-92.36690042,39.181718519,208,52,25
657,-92.99489036,37.049384675,2156,154,7.14
658,-93.30705207,37.213593333,960,15,1.56
660,-95.10692532,38.932072014,83250,3034,3.64
661,-94.83790694,39.181563389,4986,216,4.33
662,-94.7441756,38.945223686,86730,2660,3.07
664,-96.03235474,39.330173872,11076,390,3.52
665,-96.12043613,39.340982239,13984,460,3.29
666,-95.76091336,39.059905905,73080,4326,5.92
668,-96.36555238,38.388414892,2590,259,10
674,-97.71614698,38.892262862,65,65,100
680,-96.42847817,41.461542417,18540,780,4.21
681,-96.08236325,41.259256906,50615,1484,2.93
683,-96.83901491,40.4628209,8470,70,0.83
684,-96.61448264,40.538576696,6608,56,0.85
685,-96.69156293,40.817815067,22290,300,1.35
687,-97.75828749,42.377855633,1027,158,15.38
688,-98.9335312,41.144236072,3036,69,2.27
690,-100.8895307,40.343087185,5481,81,1.48
691,-101.5937493,41.276764383,29657,799,2.69
693,-103.0579094,42.141162774,403,31,7.69
700,-90.15258071,29.830565928,9936,1104,11.11
701,-89.96252164,29.992950545,3432,462,13.46
703,-90.84469944,29.70171639,1435,246,17.14
704,-90.19949698,30.572560827,11752,208,1.77
705,-92.10689408,30.216447237,286672,22116,7.71
706,-93.18479544,30.403082644,12600,3060,24.29
707,-91.19211272,30.507806125,2160,360,16.67
708,-91.13948033,30.475974326,2279,258,11.32
710,-93.47081134,32.454953016,146010,20832,14.27
711,-93.74288885,32.556680075,173840,25200,14.5
712,-92.01405116,32.549015873,89775,16317,18.18
713,-92.02972142,31.311491302,40757,7420,18.21
714,-92.85560352,31.529066155,68586,11005,16.05
716,-91.74071974,33.686047302,7697,1419,18.44
717,-92.80383883,33.49821325,2268,252,11.11
718,-93.81410156,33.671001154,14391,2106,14.63
719,-93.52190438,34.398437,5170,1269,24.55
720,-91.97699302,34.961534458,35773,3818,10.67
721,-92.09459223,34.90284158,30498,3588,11.76
722,-92.34247692,34.757797833,13104,1200,9.16
723,-90.52426594,35.130819357,14560,2520,17.31
724,-90.7426863,36.043275829,9660,1190,12.32
727,-94.15637769,36.156314725,340782,4947,1.45
728,-93.38174882,35.28247259,897,156,17.39
730,-97.75916309,35.308511216,133672,4400,3.29
731,-97.47160356,35.505733113,63440,2160,3.4
735,-98.7068295,34.522009589,1120,56,5
740,-96.20078367,36.268363132,2736,76,2.78
741,-95.97262916,36.132420351,57,57,100
747,-95.58488264,34.016171167,864,36,4.17
748,-96.68338151,35.173693472,5830,212,3.64
750,-96.7815748,33.026020807,2884665,51377,1.78
751,-96.46546571,32.561770435,277450,6386,2.3
752,-96.78619368,32.798177041,1066749,31317,2.94
753,-96.777626,32.767268,4116,196,4.76
754,-95.82369985,33.359157988,150500,2752,1.83
755,-94.35364141,33.285779759,11310,986,8.72
756,-94.64178037,32.453024088,12654,684,5.41
757,-95.34343287,32.250395783,20102,92,0.46
758,-95.67729889,31.564508806,3456,72,2.08
759,-94.37468169,31.312700288,4420,312,7.06
760,-97.35215675,32.672529597,1086624,23400,2.15
761,-97.31157665,32.762552617,726000,21660,2.98
762,-97.26884136,33.397721234,384836,7144,1.86
763,-98.69997233,33.775220222,1008,36,3.57
764,-98.46691726,32.532657611,18198,540,2.97
765,-97.52968785,31.082374393,10919,305,2.79
766,-97.03148862,31.743578889,58149,1512,2.6
767,-97.16827089,31.550665167,17172,360,2.1
770,-95.41198373,29.77473823,539100,40500,7.51
772,-95.42963896,29.830199476,4674,82,1.75
773,-95.34232395,30.337339411,119939,6059,5.05
774,-95.92299465,29.46941006,203101,10292,5.07
775,-95.05952462,29.581427205,118260,8176,6.91
776,-94.18802732,30.093609459,16650,148,0.89
777,-94.25104487,30.0480134,4215,180,4.27
778,-96.30628171,30.626181706,23358,867,3.71
780,-98.90069392,28.896109156,21184,896,4.23
781,-98.010179,29.220969388,56301,2254,4
782,-98.49676092,29.462394472,300464,12549,4.18
784,-97.45734849,27.768298436,5304,195,3.68
785,-98.04197403,26.346363366,3408,71,2.08
786,-97.90532693,30.261472173,64800,900,1.39
787,-97.7589253,30.319827188,194400,4880,2.51
788,-100.0124686,29.305140676,1480,37,2.5
789,-96.8417949,29.916245379,3509,174,4.96
791,-101.8806419,35.30811969,3570,84,2.35
794,-101.8665866,33.578371074,351,27,7.69
797,-102.4818526,31.702994532,4030,62,1.54
799,-106.3341235,31.73178555,2640,240,9.09
800,-104.8793833,39.782861429,21336,672,3.15
801,-104.7304608,39.536665391,16882,230,1.36
802,-104.8372774,39.742284671,61256,1216,1.99
803,-105.3381164,40.062142875,2832,128,4.52
804,-105.9244039,39.831890714,5103,63,1.23
805,-105.1727036,40.379171558,9116,301,3.3
806,-104.5982608,40.329188242,4818,132,2.74
809,-104.6967019,38.853701451,2397,102,4.26
811,-106.1968723,37.430323343,1365,35,2.56
813,-108.3939855,37.437074167,1584,90,5.68
814,-108.011252,38.464952346,988,52,5.26
820,-105.0631895,41.316121964,1176,28,2.38
833,-114.2796425,42.816631949,975,78,8
836,-116.3227367,43.898085966,48140,1276,2.65
837,-116.23286,43.512037,13098,703,5.37
838,-116.5435486,47.701843167,10956,330,3.01
840,-111.3755978,40.636164034,18601,445,2.39
841,-111.8905268,40.702521246,7137,183,2.56
850,-112.1277242,33.42449842,378027,19521,5.16
851,-111.758483,33.427135,117,6,5.13
852,-111.7922031,33.303921461,154415,7298,4.73
853,-112.8512225,33.421871407,614142,25515,4.15
855,-110.2966284,33.30643708,1025,25,2.44
856,-110.4321016,31.848303,17680,884,5
857,-111.1977286,32.148507509,79553,5300,6.66
860,-111.2147109,35.768405028,3744,72,1.92
863,-112.3005562,34.6866324,2065,140,6.78
864,-114.150948,35.256250667,15090,30,0.2
870,-106.7636537,35.205937576,62599,177,0.28
871,-106.6342156,35.083284104,262464,1104,0.42
874,-108.2239087,36.714515467,150,30,20
880,-107.5053745,32.402741926,202608,486,0.24
882,-103.9247609,32.796331893,62608,196,0.31
890,-115.3715042,36.535596154,23972,676,2.82
891,-115.1119743,36.065779809,75140,3196,4.25
894,-119.0864328,39.722643604,122592,8928,7.28
895,-119.7081178,39.910358455,66506,6512,9.79
897,-119.7843413,39.153339615,14040,598,4.26
898,-115.5518872,41.093419632,551,57,10.34
900,-118.2999439,33.953055916,928625,56430,6.08
902,-118.3399354,33.90005875,291200,22048,7.57
903,-118.314626,33.841847067,9300,735,7.9
904,-118.3930741,33.904162917,1992,132,6.63
905,-118.313644,33.8116678,7180,410,5.71
906,-118.1014955,33.8378378,102970,7070,6.87
907,-118.1945298,33.788651844,102816,6816,6.63
908,-118.2135663,33.78987169,66526,4495,6.76
910,-118.2271988,33.951890038,27118,1222,4.51
911,-118.2607435,33.868227839,22041,744,3.38
912,-118.2732015,34.000815,21520,960,4.46
913,-118.4677259,34.030651635,308210,26862,8.72
914,-118.353967,33.92349713,37191,2852,7.67
915,-118.3075074,33.938072,8021,273,3.4
916,-118.3357584,33.955812556,19638,1368,6.97
917,-117.730395,34.042065708,677808,32832,4.84
918,-118.2523586,33.870905429,2751,126,4.58
919,-116.8177155,32.81739661,76383,4018,5.26
920,-116.9837354,33.095889484,195008,8000,4.1
921,-116.9945815,32.890546082,290615,15130,5.21
922,-115.9006816,33.604624729,198004,6490,3.28
923,-116.7637936,34.554312384,189581,9709,5.12
924,-116.5362057,34.53086955,9180,500,5.45
925,-116.7856413,33.752891864,257240,10266,3.99
926,-117.778333,33.633396145,169198,5704,3.37
927,-117.8207387,33.693845,19242,774,4.02
928,-117.7418174,33.754639783,212280,8760,4.13
930,-119.1331434,34.185006674,98599,4515,4.58
931,-119.8117147,34.34276381,11949,546,4.57
932,-119.2124822,35.890272151,355364,19418,5.46
933,-118.9655171,35.295725292,28392,1032,3.63
934,-120.5394802,35.208298528,69218,5247,7.58
935,-118.1037226,35.416005554,123200,4088,3.32
936,-119.7168434,36.840565234,59712,2880,4.82
937,-119.678521,36.752662018,127965,5301,4.14
939,-121.522676,36.462406467,25050,720,2.87
940,-122.2306847,37.412936088,142614,5016,3.52
941,-122.6107331,37.776601423,227981,13561,5.95
943,-122.0527571,37.3468303,4730,100,2.11
944,-122.3156575,37.474439364,3828,132,3.45
945,-122.0607127,37.934134297,867321,42861,4.94
946,-122.1201917,37.752894938,49120,2368,4.82
947,-122.2453683,37.85738425,4968,144,2.9
948,-122.1442465,37.8638093,11930,440,3.69
949,-122.7073366,38.11715625,70616,3360,4.76
950,-121.8286249,37.098883767,137280,5760,4.2
951,-121.7783138,37.246192556,272979,13671,5.01
952,-120.981367,38.070062667,209790,9288,4.43
953,-120.6747396,37.636728494,309339,11907,3.85
954,-123.059546,38.846771935,142681,5852,4.1
955,-123.8332624,40.655663944,19062,540,2.83
956,-121.277319,38.630911872,1197654,78960,6.59
957,-121.039308,38.848866129,150846,10447,6.93
958,-121.4404483,38.511978659,412192,24200,5.87
959,-121.5115306,39.498702449,489762,17394,3.55
960,-122.250012,40.858390519,127170,2592,2.04
961,-120.2804676,39.886337111,14256,864,6.06
967,-157.253895,20.502724371,6141,712,11.59
968,-165.430677,23.940957679,2296,224,9.76
970,-122.2547469,45.451134169,41925,2275,5.43
971,-123.4742024,45.528887295,5324,264,4.96
972,-122.5682785,45.436283803,101706,7062,6.94
973,-123.1636682,44.758870122,137788,6290,4.56
974,-123.4374397,43.555172528,18779,1335,7.11
975,-122.9355164,42.580882036,1820,84,4.62
977,-120.5827986,43.810530882,9962,238,2.39
978,-118.6309542,45.190582351,399,114,28.57
980,-122.0550477,47.52883031,27335,2059,7.53
981,-122.1423179,47.5395082,14100,2460,17.45
982,-122.2559085,48.360664117,672287,73766,10.97
983,-122.670712,47.455537427,84952,7380,8.69
984,-122.3301608,47.142852633,14798,637,4.3
985,-123.2152164,46.927458169,38731,4004,10.34
986,-122.4813408,45.920718646,23790,2275,9.56
988,-119.9000828,47.875633696,460,92,20
989,-120.5829716,46.692976,4320,72,1.67
991,-117.9883259,47.794142116,276,138,50
992,-117.4134542,47.662566241,232,29,12.5
993,-118.9963577,46.395556641,24063,507,2.11
995,-154.2688167,59.961849159,4140,552,13.33
997,-153.2703026,65.689879378,4838,164,3.39
998,-134.8359234,58.031735579,1311,228,17.39
999,-132.22599,55.700148154,4797,546,11.38
